gtfo_off_title;Disable 'Release Vassal' decisions;;;;;;;;;;;;x,,
gtfo_off_desc;Your decision list will now be uncluttered!;;;;;;;;;;;;x,,
gtfo_on_title;Enable 'Release Vassal' decisions;;;;;;;;;;;;x,,
gtfo_on_desc;The Release Vassal decisions allow you to release vassals, and are otherwise kept hidden from view to avoid having them clutter up your decision list.;;;;;;;;;;;;x,
gtfo_AAB_title;Grant Antigua And Barbuda Independence;;;;;;;;;;;;x,,
gtfo_AAB_desc;We've had a good run, but it's time to end our rulership of Antigua And Barbuda: if you love something, let it go!;;;;;;;;;;;;x
gtfo_ABK_title;Grant Abkhazia Independence;;;;;;;;;;;;x,,
gtfo_ABK_desc;We've had a good run, but it's time to end our rulership of Abkhazia: if you love something, let it go!;;;;;;;;;;;;x
gtfo_ABZ_title;Grant Ambazonia Independence;;;;;;;;;;;;x,,
gtfo_ABZ_desc;We've had a good run, but it's time to end our rulership of Ambazonia: if you love something, let it go!;;;;;;;;;;;;x
gtfo_ADJ_title;Grant Adjara Independence;;;;;;;;;;;;x,,
gtfo_ADJ_desc;We've had a good run, but it's time to end our rulership of Adjara: if you love something, let it go!;;;;;;;;;;;;x
gtfo_ADL_title;Grant Andalusia Independence;;;;;;;;;;;;x,,
gtfo_ADL_desc;We've had a good run, but it's time to end our rulership of Andalusia: if you love something, let it go!;;;;;;;;;;;;x
gtfo_AFG_title;Grant Afghanistan Independence;;;;;;;;;;;;x,,
gtfo_AFG_desc;We've had a good run, but it's time to end our rulership of Afghanistan: if you love something, let it go!;;;;;;;;;;;;x
gtfo_ALA_title;Grant Aland Independence;;;;;;;;;;;;x,,
gtfo_ALA_desc;We've had a good run, but it's time to end our rulership of Aland: if you love something, let it go!;;;;;;;;;;;;x
gtfo_ALB_title;Grant Albania Independence;;;;;;;;;;;;x,,
gtfo_ALB_desc;We've had a good run, but it's time to end our rulership of Albania: if you love something, let it go!;;;;;;;;;;;;x
gtfo_ALG_title;Grant Algeria Independence;;;;;;;;;;;;x,,
gtfo_ALG_desc;We've had a good run, but it's time to end our rulership of Algeria: if you love something, let it go!;;;;;;;;;;;;x
gtfo_ALT_title;Grant Altai Independence;;;;;;;;;;;;x,,
gtfo_ALT_desc;We've had a good run, but it's time to end our rulership of Altai: if you love something, let it go!;;;;;;;;;;;;x
gtfo_ANG_title;Grant Angola Independence;;;;;;;;;;;;x,,
gtfo_ANG_desc;We've had a good run, but it's time to end our rulership of Angola: if you love something, let it go!;;;;;;;;;;;;x
gtfo_AOS_title;Grant Aosta Independence;;;;;;;;;;;;x,,
gtfo_AOS_desc;We've had a good run, but it's time to end our rulership of Aosta: if you love something, let it go!;;;;;;;;;;;;x
gtfo_ARG_title;Grant Argentina Independence;;;;;;;;;;;;x,,
gtfo_ARG_desc;We've had a good run, but it's time to end our rulership of Argentina: if you love something, let it go!;;;;;;;;;;;;x
gtfo_ARM_title;Grant Armenia Independence;;;;;;;;;;;;x,,
gtfo_ARM_desc;We've had a good run, but it's time to end our rulership of Armenia: if you love something, let it go!;;;;;;;;;;;;x
gtfo_ARU_title;Grant Aruba Independence;;;;;;;;;;;;x,,
gtfo_ARU_desc;We've had a good run, but it's time to end our rulership of Aruba: if you love something, let it go!;;;;;;;;;;;;x
gtfo_ASM_title;Grant Assam Independence;;;;;;;;;;;;x,,
gtfo_ASM_desc;We've had a good run, but it's time to end our rulership of Assam: if you love something, let it go!;;;;;;;;;;;;x
gtfo_AST_title;Grant Australia Independence;;;;;;;;;;;;x,,
gtfo_AST_desc;We've had a good run, but it's time to end our rulership of Australia: if you love something, let it go!;;;;;;;;;;;;x
gtfo_ATJ_title;Grant Atjeh Independence;;;;;;;;;;;;x,,
gtfo_ATJ_desc;We've had a good run, but it's time to end our rulership of Atjeh: if you love something, let it go!;;;;;;;;;;;;x
gtfo_ATL_title;Grant Atlantico Independence;;;;;;;;;;;;x,,
gtfo_ATL_desc;We've had a good run, but it's time to end our rulership of Atlantico: if you love something, let it go!;;;;;;;;;;;;x
gtfo_AUS_title;Grant Austria Independence;;;;;;;;;;;;x,,
gtfo_AUS_desc;We've had a good run, but it's time to end our rulership of Austria: if you love something, let it go!;;;;;;;;;;;;x
gtfo_AZA_title;Grant Azawad Independence;;;;;;;;;;;;x,,
gtfo_AZA_desc;We've had a good run, but it's time to end our rulership of Azawad: if you love something, let it go!;;;;;;;;;;;;x
gtfo_AZB_title;Grant Azerbaijan Independence;;;;;;;;;;;;x,,
gtfo_AZB_desc;We've had a good run, but it's time to end our rulership of Azerbaijan: if you love something, let it go!;;;;;;;;;;;;x
gtfo_AZK_title;Grant Tribal Areas Independence;;;;;;;;;;;;x,,
gtfo_AZK_desc;We've had a good run, but it's time to end our rulership of Tribal Areas: if you love something, let it go!;;;;;;;;;;;;x
gtfo_AZO_title;Grant Azores Independence;;;;;;;;;;;;x,,
gtfo_AZO_desc;We've had a good run, but it's time to end our rulership of Azores: if you love something, let it go!;;;;;;;;;;;;x
gtfo_BAH_title;Grant Bahamas Independence;;;;;;;;;;;;x,,
gtfo_BAH_desc;We've had a good run, but it's time to end our rulership of Bahamas: if you love something, let it go!;;;;;;;;;;;;x
gtfo_BAK_title;Grant Bashkortostan Independence;;;;;;;;;;;;x,,
gtfo_BAK_desc;We've had a good run, but it's time to end our rulership of Bashkortostan: if you love something, let it go!;;;;;;;;;;;;x
gtfo_BAR_title;Grant Barbados Independence;;;;;;;;;;;;x,,
gtfo_BAR_desc;We've had a good run, but it's time to end our rulership of Barbados: if you love something, let it go!;;;;;;;;;;;;x
gtfo_BAV_title;Grant Bavaria Independence;;;;;;;;;;;;x,,
gtfo_BAV_desc;We've had a good run, but it's time to end our rulership of Bavaria: if you love something, let it go!;;;;;;;;;;;;x
gtfo_BEL_title;Grant Belgium Independence;;;;;;;;;;;;x,,
gtfo_BEL_desc;We've had a good run, but it's time to end our rulership of Belgium: if you love something, let it go!;;;;;;;;;;;;x
gtfo_BEN_title;Grant Benin Independence;;;;;;;;;;;;x,,
gtfo_BEN_desc;We've had a good run, but it's time to end our rulership of Benin: if you love something, let it go!;;;;;;;;;;;;x
gtfo_BER_title;Grant Beroda Independence;;;;;;;;;;;;x,,
gtfo_BER_desc;We've had a good run, but it's time to end our rulership of Beroda: if you love something, let it go!;;;;;;;;;;;;x
gtfo_BEU_title;Grant Bermuda Independence;;;;;;;;;;;;x,,
gtfo_BEU_desc;We've had a good run, but it's time to end our rulership of Bermuda: if you love something, let it go!;;;;;;;;;;;;x
gtfo_BHR_title;Grant Bahrain Independence;;;;;;;;;;;;x,,
gtfo_BHR_desc;We've had a good run, but it's time to end our rulership of Bahrain: if you love something, let it go!;;;;;;;;;;;;x
gtfo_BHU_title;Grant Bhutan Independence;;;;;;;;;;;;x,,
gtfo_BHU_desc;We've had a good run, but it's time to end our rulership of Bhutan: if you love something, let it go!;;;;;;;;;;;;x
gtfo_BIF_title;Grant Biafra Independence;;;;;;;;;;;;x,,
gtfo_BIF_desc;We've had a good run, but it's time to end our rulership of Biafra: if you love something, let it go!;;;;;;;;;;;;x
gtfo_BLO_title;Grant Balochistan Independence;;;;;;;;;;;;x,,
gtfo_BLO_desc;We've had a good run, but it's time to end our rulership of Balochistan: if you love something, let it go!;;;;;;;;;;;;x
gtfo_BLZ_title;Grant Belize Independence;;;;;;;;;;;;x,,
gtfo_BLZ_desc;We've had a good run, but it's time to end our rulership of Belize: if you love something, let it go!;;;;;;;;;;;;x
gtfo_BNG_title;Grant Bangladesh Independence;;;;;;;;;;;;x,,
gtfo_BNG_desc;We've had a good run, but it's time to end our rulership of Bangladesh: if you love something, let it go!;;;;;;;;;;;;x
gtfo_BNL_title;Grant Benelux Independence;;;;;;;;;;;;x,,
gtfo_BNL_desc;We've had a good run, but it's time to end our rulership of Benelux: if you love something, let it go!;;;;;;;;;;;;x
gtfo_BOD_title;Grant Bodoland Independence;;;;;;;;;;;;x,,
gtfo_BOD_desc;We've had a good run, but it's time to end our rulership of Bodoland: if you love something, let it go!;;;;;;;;;;;;x
gtfo_BOH_title;Grant Bohemia Independence;;;;;;;;;;;;x,,
gtfo_BOH_desc;We've had a good run, but it's time to end our rulership of Bohemia: if you love something, let it go!;;;;;;;;;;;;x
gtfo_BOL_title;Grant Bolivia Independence;;;;;;;;;;;;x,,
gtfo_BOL_desc;We've had a good run, but it's time to end our rulership of Bolivia: if you love something, let it go!;;;;;;;;;;;;x
gtfo_BOP_title;Grant Bophuthatswana Independence;;;;;;;;;;;;x,,
gtfo_BOP_desc;We've had a good run, but it's time to end our rulership of Bophuthatswana: if you love something, let it go!;;;;;;;;;;;;x
gtfo_BOS_title;Grant Bosnia Independence;;;;;;;;;;;;x,,
gtfo_BOS_desc;We've had a good run, but it's time to end our rulership of Bosnia: if you love something, let it go!;;;;;;;;;;;;x
gtfo_BOT_title;Grant Botswana Independence;;;;;;;;;;;;x,,
gtfo_BOT_desc;We've had a good run, but it's time to end our rulership of Botswana: if you love something, let it go!;;;;;;;;;;;;x
gtfo_BOU_title;Grant Bougainville Independence;;;;;;;;;;;;x,,
gtfo_BOU_desc;We've had a good run, but it's time to end our rulership of Bougainville: if you love something, let it go!;;;;;;;;;;;;x
gtfo_BRI_title;Grant Brittany Independence;;;;;;;;;;;;x,,
gtfo_BRI_desc;We've had a good run, but it's time to end our rulership of Brittany: if you love something, let it go!;;;;;;;;;;;;x
gtfo_BRN_title;Grant Burundi Independence;;;;;;;;;;;;x,,
gtfo_BRN_desc;We've had a good run, but it's time to end our rulership of Burundi: if you love something, let it go!;;;;;;;;;;;;x
gtfo_BRU_title;Grant Brunei Independence;;;;;;;;;;;;x,,
gtfo_BRU_desc;We've had a good run, but it's time to end our rulership of Brunei: if you love something, let it go!;;;;;;;;;;;;x
gtfo_BRZ_title;Grant Brazil Independence;;;;;;;;;;;;x,,
gtfo_BRZ_desc;We've had a good run, but it's time to end our rulership of Brazil: if you love something, let it go!;;;;;;;;;;;;x
gtfo_BUF_title;Grant Burkina Faso Independence;;;;;;;;;;;;x,,
gtfo_BUF_desc;We've had a good run, but it's time to end our rulership of Burkina Faso: if you love something, let it go!;;;;;;;;;;;;x
gtfo_BUL_title;Grant Bulgaria Independence;;;;;;;;;;;;x,,
gtfo_BUL_desc;We've had a good run, but it's time to end our rulership of Bulgaria: if you love something, let it go!;;;;;;;;;;;;x
gtfo_BUR_title;Grant Burma Independence;;;;;;;;;;;;x,,
gtfo_BUR_desc;We've had a good run, but it's time to end our rulership of Burma: if you love something, let it go!;;;;;;;;;;;;x
gtfo_BUY_title;Grant Buryatia Independence;;;;;;;;;;;;x,,
gtfo_BUY_desc;We've had a good run, but it's time to end our rulership of Buryatia: if you love something, let it go!;;;;;;;;;;;;x
gtfo_BYE_title;Grant Belarus Independence;;;;;;;;;;;;x,,
gtfo_BYE_desc;We've had a good run, but it's time to end our rulership of Belarus: if you love something, let it go!;;;;;;;;;;;;x
gtfo_CAM_title;Grant Cambodia Independence;;;;;;;;;;;;x,,
gtfo_CAM_desc;We've had a good run, but it's time to end our rulership of Cambodia: if you love something, let it go!;;;;;;;;;;;;x
gtfo_CAN_title;Grant Canada Independence;;;;;;;;;;;;x,,
gtfo_CAN_desc;We've had a good run, but it's time to end our rulership of Canada: if you love something, let it go!;;;;;;;;;;;;x
gtfo_CAR_title;Grant Central African Republic Independence;;;;;;;;;;;;x,,
gtfo_CAR_desc;We've had a good run, but it's time to end our rulership of Central African Republic: if you love something, let it go!;;;;;;;;;;;;x
gtfo_CAT_title;Grant Catalonia Independence;;;;;;;;;;;;x,,
gtfo_CAT_desc;We've had a good run, but it's time to end our rulership of Catalonia: if you love something, let it go!;;;;;;;;;;;;x
gtfo_CBA_title;Grant Cabinda Independence;;;;;;;;;;;;x,,
gtfo_CBA_desc;We've had a good run, but it's time to end our rulership of Cabinda: if you love something, let it go!;;;;;;;;;;;;x
gtfo_CHA_title;Grant Chad Independence;;;;;;;;;;;;x,,
gtfo_CHA_desc;We've had a good run, but it's time to end our rulership of Chad: if you love something, let it go!;;;;;;;;;;;;x
gtfo_CHC_title;Grant Chechnya Independence;;;;;;;;;;;;x,,
gtfo_CHC_desc;We've had a good run, but it's time to end our rulership of Chechnya: if you love something, let it go!;;;;;;;;;;;;x
gtfo_CHI_title;Grant China Independence;;;;;;;;;;;;x,,
gtfo_CHI_desc;We've had a good run, but it's time to end our rulership of China: if you love something, let it go!;;;;;;;;;;;;x
gtfo_CHL_title;Grant Chile Independence;;;;;;;;;;;;x,,
gtfo_CHL_desc;We've had a good run, but it's time to end our rulership of Chile: if you love something, let it go!;;;;;;;;;;;;x
gtfo_CHS_title;Grant Chin State Independence;;;;;;;;;;;;x,,
gtfo_CHS_desc;We've had a good run, but it's time to end our rulership of Chin State: if you love something, let it go!;;;;;;;;;;;;x
gtfo_CHU_title;Grant Chuvashia Independence;;;;;;;;;;;;x,,
gtfo_CHU_desc;We've had a good run, but it's time to end our rulership of Chuvashia: if you love something, let it go!;;;;;;;;;;;;x
gtfo_CIR_title;Grant Circassia Independence;;;;;;;;;;;;x,,
gtfo_CIR_desc;We've had a good run, but it's time to end our rulership of Circassia: if you love something, let it go!;;;;;;;;;;;;x
gtfo_CIS_title;Grant Ciskei Independence;;;;;;;;;;;;x,,
gtfo_CIS_desc;We've had a good run, but it's time to end our rulership of Ciskei: if you love something, let it go!;;;;;;;;;;;;x
gtfo_CLM_title;Grant Colombia Independence;;;;;;;;;;;;x,,
gtfo_CLM_desc;We've had a good run, but it's time to end our rulership of Colombia: if you love something, let it go!;;;;;;;;;;;;x
gtfo_CMR_title;Grant Cameroon Independence;;;;;;;;;;;;x,,
gtfo_CMR_desc;We've had a good run, but it's time to end our rulership of Cameroon: if you love something, let it go!;;;;;;;;;;;;x
gtfo_CNG_title;Grant Congo Free State Independence;;;;;;;;;;;;x,,
gtfo_CNG_desc;We've had a good run, but it's time to end our rulership of Congo Free State: if you love something, let it go!;;;;;;;;;;;;x
gtfo_COI_title;Grant Cook Islands Independence;;;;;;;;;;;;x,,
gtfo_COI_desc;We've had a good run, but it's time to end our rulership of Cook Islands: if you love something, let it go!;;;;;;;;;;;;x
gtfo_COM_title;Grant Comoros Independence;;;;;;;;;;;;x,,
gtfo_COM_desc;We've had a good run, but it's time to end our rulership of Comoros: if you love something, let it go!;;;;;;;;;;;;x
gtfo_COR_title;Grant Corsica Independence;;;;;;;;;;;;x,,
gtfo_COR_desc;We've had a good run, but it's time to end our rulership of Corsica: if you love something, let it go!;;;;;;;;;;;;x
gtfo_COS_title;Grant Costa Rica Independence;;;;;;;;;;;;x,,
gtfo_COS_desc;We've had a good run, but it's time to end our rulership of Costa Rica: if you love something, let it go!;;;;;;;;;;;;x
gtfo_CPV_title;Grant Cape Verde Independence;;;;;;;;;;;;x,,
gtfo_CPV_desc;We've had a good run, but it's time to end our rulership of Cape Verde: if you love something, let it go!;;;;;;;;;;;;x
gtfo_CRI_title;Grant Crimea Independence;;;;;;;;;;;;x,,
gtfo_CRI_desc;We've had a good run, but it's time to end our rulership of Crimea: if you love something, let it go!;;;;;;;;;;;;x
gtfo_CRO_title;Grant Croatia Independence;;;;;;;;;;;;x,,
gtfo_CRO_desc;We've had a good run, but it's time to end our rulership of Croatia: if you love something, let it go!;;;;;;;;;;;;x
gtfo_CSA_title;Grant CSA Independence;;;;;;;;;;;;x,,
gtfo_CSA_desc;We've had a good run, but it's time to end our rulership of CSA: if you love something, let it go!;;;;;;;;;;;;x
gtfo_CUB_title;Grant Cuba Independence;;;;;;;;;;;;x,,
gtfo_CUB_desc;We've had a good run, but it's time to end our rulership of Cuba: if you love something, let it go!;;;;;;;;;;;;x
gtfo_CUR_title;Grant Curacao Independence;;;;;;;;;;;;x,,
gtfo_CUR_desc;We've had a good run, but it's time to end our rulership of Curacao: if you love something, let it go!;;;;;;;;;;;;x
gtfo_CYI_title;Grant Cayman Islands Independence;;;;;;;;;;;;x,,
gtfo_CYI_desc;We've had a good run, but it's time to end our rulership of Cayman Islands: if you love something, let it go!;;;;;;;;;;;;x
gtfo_CYP_title;Grant Cyprus Independence;;;;;;;;;;;;x,,
gtfo_CYP_desc;We've had a good run, but it's time to end our rulership of Cyprus: if you love something, let it go!;;;;;;;;;;;;x
gtfo_CZH_title;Grant Czechoslovakia Independence;;;;;;;;;;;;x,,
gtfo_CZH_desc;We've had a good run, but it's time to end our rulership of Czechoslovakia: if you love something, let it go!;;;;;;;;;;;;x
gtfo_DAG_title;Grant Dagestan Independence;;;;;;;;;;;;x,,
gtfo_DAG_desc;We've had a good run, but it's time to end our rulership of Dagestan: if you love something, let it go!;;;;;;;;;;;;x
gtfo_DAI_title;Grant Vietnam Independence;;;;;;;;;;;;x,,
gtfo_DAI_desc;We've had a good run, but it's time to end our rulership of Vietnam: if you love something, let it go!;;;;;;;;;;;;x
gtfo_DAR_title;Grant Darfur Independence;;;;;;;;;;;;x,,
gtfo_DAR_desc;We've had a good run, but it's time to end our rulership of Darfur: if you love something, let it go!;;;;;;;;;;;;x
gtfo_DDR_title;Grant East Germany Independence;;;;;;;;;;;;x,,
gtfo_DDR_desc;We've had a good run, but it's time to end our rulership of East Germany: if you love something, let it go!;;;;;;;;;;;;x
gtfo_DEN_title;Grant Denmark Independence;;;;;;;;;;;;x,,
gtfo_DEN_desc;We've had a good run, but it's time to end our rulership of Denmark: if you love something, let it go!;;;;;;;;;;;;x
gtfo_DJI_title;Grant Djibouti Independence;;;;;;;;;;;;x,,
gtfo_DJI_desc;We've had a good run, but it's time to end our rulership of Djibouti: if you love something, let it go!;;;;;;;;;;;;x
gtfo_DMC_title;Grant Dominica Independence;;;;;;;;;;;;x,,
gtfo_DMC_desc;We've had a good run, but it's time to end our rulership of Dominica: if you love something, let it go!;;;;;;;;;;;;x
gtfo_DOM_title;Grant Dominican Republic Independence;;;;;;;;;;;;x,,
gtfo_DOM_desc;We've had a good run, but it's time to end our rulership of Dominican Republic: if you love something, let it go!;;;;;;;;;;;;x
gtfo_DRA_title;Grant Dravidastan Independence;;;;;;;;;;;;x,,
gtfo_DRA_desc;We've had a good run, but it's time to end our rulership of Dravidastan: if you love something, let it go!;;;;;;;;;;;;x
gtfo_DYA_title;Grant Dyak Independence;;;;;;;;;;;;x,,
gtfo_DYA_desc;We've had a good run, but it's time to end our rulership of Dyak: if you love something, let it go!;;;;;;;;;;;;x
gtfo_DZG_title;Grant Danzig Independence;;;;;;;;;;;;x,,
gtfo_DZG_desc;We've had a good run, but it's time to end our rulership of Danzig: if you love something, let it go!;;;;;;;;;;;;x
gtfo_EAI_title;Grant Easter Island Independence;;;;;;;;;;;;x,,
gtfo_EAI_desc;We've had a good run, but it's time to end our rulership of Easter Island: if you love something, let it go!;;;;;;;;;;;;x
gtfo_ECA_title;Grant East Caprivi Independence;;;;;;;;;;;;x,,
gtfo_ECA_desc;We've had a good run, but it's time to end our rulership of East Caprivi: if you love something, let it go!;;;;;;;;;;;;x
gtfo_ECU_title;Grant Ecuador Independence;;;;;;;;;;;;x,,
gtfo_ECU_desc;We've had a good run, but it's time to end our rulership of Ecuador: if you love something, let it go!;;;;;;;;;;;;x
gtfo_EGY_title;Grant Egypt Independence;;;;;;;;;;;;x,,
gtfo_EGY_desc;We've had a good run, but it's time to end our rulership of Egypt: if you love something, let it go!;;;;;;;;;;;;x
gtfo_EID_title;Grant East Indonesia Independence;;;;;;;;;;;;x,,
gtfo_EID_desc;We've had a good run, but it's time to end our rulership of East Indonesia: if you love something, let it go!;;;;;;;;;;;;x
gtfo_ELS_title;Grant El Salvador Independence;;;;;;;;;;;;x,,
gtfo_ELS_desc;We've had a good run, but it's time to end our rulership of El Salvador: if you love something, let it go!;;;;;;;;;;;;x
gtfo_ENG_title;Grant United Kingdom Independence;;;;;;;;;;;;x,,
gtfo_ENG_desc;We've had a good run, but it's time to end our rulership of United Kingdom: if you love something, let it go!;;;;;;;;;;;;x
gtfo_EQG_title;Grant Equatorial Guinea Independence;;;;;;;;;;;;x,,
gtfo_EQG_desc;We've had a good run, but it's time to end our rulership of Equatorial Guinea: if you love something, let it go!;;;;;;;;;;;;x
gtfo_ERI_title;Grant Eritrea Independence;;;;;;;;;;;;x,,
gtfo_ERI_desc;We've had a good run, but it's time to end our rulership of Eritrea: if you love something, let it go!;;;;;;;;;;;;x
gtfo_EST_title;Grant Estonia Independence;;;;;;;;;;;;x,,
gtfo_EST_desc;We've had a good run, but it's time to end our rulership of Estonia: if you love something, let it go!;;;;;;;;;;;;x
gtfo_ETH_title;Grant Ethiopia Independence;;;;;;;;;;;;x,,
gtfo_ETH_desc;We've had a good run, but it's time to end our rulership of Ethiopia: if you love something, let it go!;;;;;;;;;;;;x
gtfo_ETS_title;Grant East Turkestan Independence;;;;;;;;;;;;x,,
gtfo_ETS_desc;We've had a good run, but it's time to end our rulership of East Turkestan: if you love something, let it go!;;;;;;;;;;;;x
gtfo_EUS_title;Grant Basque Country Independence;;;;;;;;;;;;x,,
gtfo_EUS_desc;We've had a good run, but it's time to end our rulership of Basque Country: if you love something, let it go!;;;;;;;;;;;;x
gtfo_FAR_title;Grant Faroe Islands Independence;;;;;;;;;;;;x,,
gtfo_FAR_desc;We've had a good run, but it's time to end our rulership of Faroe Islands: if you love something, let it go!;;;;;;;;;;;;x
gtfo_FER_title;Grant Far Eastern Republic Independence;;;;;;;;;;;;x,,
gtfo_FER_desc;We've had a good run, but it's time to end our rulership of Far Eastern Republic: if you love something, let it go!;;;;;;;;;;;;x
gtfo_FIJ_title;Grant Fiji Independence;;;;;;;;;;;;x,,
gtfo_FIJ_desc;We've had a good run, but it's time to end our rulership of Fiji: if you love something, let it go!;;;;;;;;;;;;x
gtfo_FIN_title;Grant Finland Independence;;;;;;;;;;;;x,,
gtfo_FIN_desc;We've had a good run, but it's time to end our rulership of Finland: if you love something, let it go!;;;;;;;;;;;;x
gtfo_FLA_title;Grant Flanders Independence;;;;;;;;;;;;x,,
gtfo_FLA_desc;We've had a good run, but it's time to end our rulership of Flanders: if you love something, let it go!;;;;;;;;;;;;x
gtfo_FRA_title;Grant France Independence;;;;;;;;;;;;x,,
gtfo_FRA_desc;We've had a good run, but it's time to end our rulership of France: if you love something, let it go!;;;;;;;;;;;;x
gtfo_FUJ_title;Grant Fujan Independence;;;;;;;;;;;;x,,
gtfo_FUJ_desc;We've had a good run, but it's time to end our rulership of Fujan: if you love something, let it go!;;;;;;;;;;;;x
gtfo_FVG_title;Grant Friuli-Venezia Giulia Independence;;;;;;;;;;;;x,,
gtfo_FVG_desc;We've had a good run, but it's time to end our rulership of Friuli-Venezia Giulia: if you love something, let it go!;;;;;;;;;;;;x
gtfo_GAB_title;Grant Gabon Independence;;;;;;;;;;;;x,,
gtfo_GAB_desc;We've had a good run, but it's time to end our rulership of Gabon: if you love something, let it go!;;;;;;;;;;;;x
gtfo_GAG_title;Grant Gagauzia Independence;;;;;;;;;;;;x,,
gtfo_GAG_desc;We've had a good run, but it's time to end our rulership of Gagauzia: if you love something, let it go!;;;;;;;;;;;;x
gtfo_GAL_title;Grant Galicia Independence;;;;;;;;;;;;x,,
gtfo_GAL_desc;We've had a good run, but it's time to end our rulership of Galicia: if you love something, let it go!;;;;;;;;;;;;x
gtfo_GAM_title;Grant Gambia Independence;;;;;;;;;;;;x,,
gtfo_GAM_desc;We've had a good run, but it's time to end our rulership of Gambia: if you love something, let it go!;;;;;;;;;;;;x
gtfo_GAZ_title;Grant Gaza Independence;;;;;;;;;;;;x,,
gtfo_GAZ_desc;We've had a good run, but it's time to end our rulership of Gaza: if you love something, let it go!;;;;;;;;;;;;x
gtfo_GEO_title;Grant Georgia Independence;;;;;;;;;;;;x,,
gtfo_GEO_desc;We've had a good run, but it's time to end our rulership of Georgia: if you love something, let it go!;;;;;;;;;;;;x
gtfo_GER_title;Grant Germany Independence;;;;;;;;;;;;x,,
gtfo_GER_desc;We've had a good run, but it's time to end our rulership of Germany: if you love something, let it go!;;;;;;;;;;;;x
gtfo_GGX_title;Grant Guangxi Independence;;;;;;;;;;;;x,,
gtfo_GGX_desc;We've had a good run, but it's time to end our rulership of Guangxi: if you love something, let it go!;;;;;;;;;;;;x
gtfo_GHA_title;Grant Ghana Independence;;;;;;;;;;;;x,,
gtfo_GHA_desc;We've had a good run, but it's time to end our rulership of Ghana: if you love something, let it go!;;;;;;;;;;;;x
gtfo_GIB_title;Grant Gibraltar Independence;;;;;;;;;;;;x,,
gtfo_GIB_desc;We've had a good run, but it's time to end our rulership of Gibraltar: if you love something, let it go!;;;;;;;;;;;;x
gtfo_GOB_title;Grant Gorno-Badakhshan Independence;;;;;;;;;;;;x,,
gtfo_GOB_desc;We've had a good run, but it's time to end our rulership of Gorno-Badakhshan: if you love something, let it go!;;;;;;;;;;;;x
gtfo_GRD_title;Grant Grenada Independence;;;;;;;;;;;;x,,
gtfo_GRD_desc;We've had a good run, but it's time to end our rulership of Grenada: if you love something, let it go!;;;;;;;;;;;;x
gtfo_GRE_title;Grant Greece Independence;;;;;;;;;;;;x,,
gtfo_GRE_desc;We've had a good run, but it's time to end our rulership of Greece: if you love something, let it go!;;;;;;;;;;;;x
gtfo_GRN_title;Grant Greenland Independence;;;;;;;;;;;;x,,
gtfo_GRN_desc;We've had a good run, but it's time to end our rulership of Greenland: if you love something, let it go!;;;;;;;;;;;;x
gtfo_GUA_title;Grant Guatemala Independence;;;;;;;;;;;;x,,
gtfo_GUA_desc;We've had a good run, but it's time to end our rulership of Guatemala: if you love something, let it go!;;;;;;;;;;;;x
gtfo_GUB_title;Grant Guinea Bissau Independence;;;;;;;;;;;;x,,
gtfo_GUB_desc;We've had a good run, but it's time to end our rulership of Guinea Bissau: if you love something, let it go!;;;;;;;;;;;;x
gtfo_GUI_title;Grant Guinea Independence;;;;;;;;;;;;x,,
gtfo_GUI_desc;We've had a good run, but it's time to end our rulership of Guinea: if you love something, let it go!;;;;;;;;;;;;x
gtfo_GUY_title;Grant Guyana Independence;;;;;;;;;;;;x,,
gtfo_GUY_desc;We've had a good run, but it's time to end our rulership of Guyana: if you love something, let it go!;;;;;;;;;;;;x
gtfo_GWA_title;Grant Gwalior Independence;;;;;;;;;;;;x,,
gtfo_GWA_desc;We've had a good run, but it's time to end our rulership of Gwalior: if you love something, let it go!;;;;;;;;;;;;x
gtfo_GZA_title;Grant Gazankulu Independence;;;;;;;;;;;;x,,
gtfo_GZA_desc;We've had a good run, but it's time to end our rulership of Gazankulu: if you love something, let it go!;;;;;;;;;;;;x
gtfo_HAI_title;Grant Haiti Independence;;;;;;;;;;;;x,,
gtfo_HAI_desc;We've had a good run, but it's time to end our rulership of Haiti: if you love something, let it go!;;;;;;;;;;;;x
gtfo_HAW_title;Grant Hawaii Independence;;;;;;;;;;;;x,,
gtfo_HAW_desc;We've had a good run, but it's time to end our rulership of Hawaii: if you love something, let it go!;;;;;;;;;;;;x
gtfo_HKG_title;Grant HongKong Independence;;;;;;;;;;;;x,,
gtfo_HKG_desc;We've had a good run, but it's time to end our rulership of HongKong: if you love something, let it go!;;;;;;;;;;;;x
gtfo_HNB_title;Grant Bangabhumi Independence;;;;;;;;;;;;x,,
gtfo_HNB_desc;We've had a good run, but it's time to end our rulership of Bangabhumi: if you love something, let it go!;;;;;;;;;;;;x
gtfo_HND_title;Grant India Independence;;;;;;;;;;;;x,,
gtfo_HND_desc;We've had a good run, but it's time to end our rulership of India: if you love something, let it go!;;;;;;;;;;;;x
gtfo_HON_title;Grant Honduras Independence;;;;;;;;;;;;x,,
gtfo_HON_desc;We've had a good run, but it's time to end our rulership of Honduras: if you love something, let it go!;;;;;;;;;;;;x
gtfo_HOU_title;Grant Houthis Independence;;;;;;;;;;;;x,,
gtfo_HOU_desc;We've had a good run, but it's time to end our rulership of Houthis: if you love something, let it go!;;;;;;;;;;;;x
gtfo_HUN_title;Grant Hungary Independence;;;;;;;;;;;;x,,
gtfo_HUN_desc;We've had a good run, but it's time to end our rulership of Hungary: if you love something, let it go!;;;;;;;;;;;;x
gtfo_HYD_title;Grant Hyderabad Independence;;;;;;;;;;;;x,,
gtfo_HYD_desc;We've had a good run, but it's time to end our rulership of Hyderabad: if you love something, let it go!;;;;;;;;;;;;x
gtfo_HZB_title;Grant Herceg-Bosa Independence;;;;;;;;;;;;x,,
gtfo_HZB_desc;We've had a good run, but it's time to end our rulership of Herceg-Bosa: if you love something, let it go!;;;;;;;;;;;;x
gtfo_IAR_title;Grant International Authority for the Ruhr Independence;;;;;;;;;;;;x,,
gtfo_IAR_desc;We've had a good run, but it's time to end our rulership of International Authority for the Ruhr: if you love something, let it go!;;;;;;;;;;;;x
gtfo_ICL_title;Grant Iceland Independence;;;;;;;;;;;;x,,
gtfo_ICL_desc;We've had a good run, but it's time to end our rulership of Iceland: if you love something, let it go!;;;;;;;;;;;;x
gtfo_ICU_title;Grant Indochina Independence;;;;;;;;;;;;x,,
gtfo_ICU_desc;We've had a good run, but it's time to end our rulership of Indochina: if you love something, let it go!;;;;;;;;;;;;x
gtfo_IDO_title;Grant Indonesia Independence;;;;;;;;;;;;x,,
gtfo_IDO_desc;We've had a good run, but it's time to end our rulership of Indonesia: if you love something, let it go!;;;;;;;;;;;;x
gtfo_IGU_title;Grant Ingushetia Independence;;;;;;;;;;;;x,,
gtfo_IGU_desc;We've had a good run, but it's time to end our rulership of Ingushetia: if you love something, let it go!;;;;;;;;;;;;x
gtfo_IMN_title;Grant Inner Mongolia Independence;;;;;;;;;;;;x,,
gtfo_IMN_desc;We've had a good run, but it's time to end our rulership of Inner Mongolia: if you love something, let it go!;;;;;;;;;;;;x
gtfo_IND_title;Grant Indore Independence;;;;;;;;;;;;x,,
gtfo_IND_desc;We've had a good run, but it's time to end our rulership of Indore: if you love something, let it go!;;;;;;;;;;;;x
gtfo_IOM_title;Grant Isle of Man Independence;;;;;;;;;;;;x,,
gtfo_IOM_desc;We've had a good run, but it's time to end our rulership of Isle of Man: if you love something, let it go!;;;;;;;;;;;;x
gtfo_IRE_title;Grant Ireland Independence;;;;;;;;;;;;x,,
gtfo_IRE_desc;We've had a good run, but it's time to end our rulership of Ireland: if you love something, let it go!;;;;;;;;;;;;x
gtfo_IRQ_title;Grant Iraq Independence;;;;;;;;;;;;x,,
gtfo_IRQ_desc;We've had a good run, but it's time to end our rulership of Iraq: if you love something, let it go!;;;;;;;;;;;;x
gtfo_ISI_title;Grant Islamic State Independence;;;;;;;;;;;;x,,
gtfo_ISI_desc;We've had a good run, but it's time to end our rulership of Islamic State: if you love something, let it go!;;;;;;;;;;;;x
gtfo_ISR_title;Grant Israel Independence;;;;;;;;;;;;x,,
gtfo_ISR_desc;We've had a good run, but it's time to end our rulership of Israel: if you love something, let it go!;;;;;;;;;;;;x
gtfo_ITA_title;Grant Italy Independence;;;;;;;;;;;;x,,
gtfo_ITA_desc;We've had a good run, but it's time to end our rulership of Italy: if you love something, let it go!;;;;;;;;;;;;x
gtfo_ITU_title;Grant Ituri Independence;;;;;;;;;;;;x,,
gtfo_ITU_desc;We've had a good run, but it's time to end our rulership of Ituri: if you love something, let it go!;;;;;;;;;;;;x
gtfo_IVC_title;Grant Ivory Coast Independence;;;;;;;;;;;;x,,
gtfo_IVC_desc;We've had a good run, but it's time to end our rulership of Ivory Coast: if you love something, let it go!;;;;;;;;;;;;x
gtfo_JAK_title;Grant Jammu and Kashmir Independence;;;;;;;;;;;;x,,
gtfo_JAK_desc;We've had a good run, but it's time to end our rulership of Jammu and Kashmir: if you love something, let it go!;;;;;;;;;;;;x
gtfo_JAM_title;Grant Jamaica Independence;;;;;;;;;;;;x,,
gtfo_JAM_desc;We've had a good run, but it's time to end our rulership of Jamaica: if you love something, let it go!;;;;;;;;;;;;x
gtfo_JAP_title;Grant Japan Independence;;;;;;;;;;;;x,,
gtfo_JAP_desc;We've had a good run, but it's time to end our rulership of Japan: if you love something, let it go!;;;;;;;;;;;;x
gtfo_JDO_title;Grant Jeju-do Independence;;;;;;;;;;;;x,,
gtfo_JDO_desc;We've had a good run, but it's time to end our rulership of Jeju-do: if you love something, let it go!;;;;;;;;;;;;x
gtfo_JER_title;Grant Jersey Independence;;;;;;;;;;;;x,,
gtfo_JER_desc;We've had a good run, but it's time to end our rulership of Jersey: if you love something, let it go!;;;;;;;;;;;;x
gtfo_JOR_title;Grant Jordan Independence;;;;;;;;;;;;x,,
gtfo_JOR_desc;We've had a good run, but it's time to end our rulership of Jordan: if you love something, let it go!;;;;;;;;;;;;x
gtfo_KAB_title;Grant Kabardino-Balkaria Independence;;;;;;;;;;;;x,,
gtfo_KAB_desc;We've had a good run, but it's time to end our rulership of Kabardino-Balkaria: if you love something, let it go!;;;;;;;;;;;;x
gtfo_KAC_title;Grant Kachin Independence;;;;;;;;;;;;x,,
gtfo_KAC_desc;We've had a good run, but it's time to end our rulership of Kachin: if you love something, let it go!;;;;;;;;;;;;x
gtfo_KAM_title;Grant Kalmykia Independence;;;;;;;;;;;;x,,
gtfo_KAM_desc;We've had a good run, but it's time to end our rulership of Kalmykia: if you love something, let it go!;;;;;;;;;;;;x
gtfo_KAT_title;Grant Katanga Independence;;;;;;;;;;;;x,,
gtfo_KAT_desc;We've had a good run, but it's time to end our rulership of Katanga: if you love something, let it go!;;;;;;;;;;;;x
gtfo_KAY_title;Grant Kayin Independence;;;;;;;;;;;;x,,
gtfo_KAY_desc;We've had a good run, but it's time to end our rulership of Kayin: if you love something, let it go!;;;;;;;;;;;;x
gtfo_KAZ_title;Grant Kazakhstan Independence;;;;;;;;;;;;x,,
gtfo_KAZ_desc;We've had a good run, but it's time to end our rulership of Kazakhstan: if you love something, let it go!;;;;;;;;;;;;x
gtfo_KCH_title;Grant Karachay-Cherkessia Independence;;;;;;;;;;;;x,,
gtfo_KCH_desc;We've had a good run, but it's time to end our rulership of Karachay-Cherkessia: if you love something, let it go!;;;;;;;;;;;;x
gtfo_KEN_title;Grant Kenya Independence;;;;;;;;;;;;x,,
gtfo_KEN_desc;We've had a good run, but it's time to end our rulership of Kenya: if you love something, let it go!;;;;;;;;;;;;x
gtfo_KIR_title;Grant Kiribati Independence;;;;;;;;;;;;x,,
gtfo_KIR_desc;We've had a good run, but it's time to end our rulership of Kiribati: if you love something, let it go!;;;;;;;;;;;;x
gtfo_KKP_title;Grant Karakalpakstan Independence;;;;;;;;;;;;x,,
gtfo_KKP_desc;We've had a good run, but it's time to end our rulership of Karakalpakstan: if you love something, let it go!;;;;;;;;;;;;x
gtfo_KMT_title;Grant Republic of China Independence;;;;;;;;;;;;x,,
gtfo_KMT_desc;We've had a good run, but it's time to end our rulership of Republic of China: if you love something, let it go!;;;;;;;;;;;;x
gtfo_KOM_title;Grant Komi Independence;;;;;;;;;;;;x,,
gtfo_KOM_desc;We've had a good run, but it's time to end our rulership of Komi: if you love something, let it go!;;;;;;;;;;;;x
gtfo_KOR_title;Grant Korea Independence;;;;;;;;;;;;x,,
gtfo_KOR_desc;We've had a good run, but it's time to end our rulership of Korea: if you love something, let it go!;;;;;;;;;;;;x
gtfo_KOS_title;Grant Kosovo Independence;;;;;;;;;;;;x,,
gtfo_KOS_desc;We've had a good run, but it's time to end our rulership of Kosovo: if you love something, let it go!;;;;;;;;;;;;x
gtfo_KRL_title;Grant Karelia Independence;;;;;;;;;;;;x,,
gtfo_KRL_desc;We've had a good run, but it's time to end our rulership of Karelia: if you love something, let it go!;;;;;;;;;;;;x
gtfo_KUR_title;Grant Kurdistan Independence;;;;;;;;;;;;x,,
gtfo_KUR_desc;We've had a good run, but it's time to end our rulership of Kurdistan: if you love something, let it go!;;;;;;;;;;;;x
gtfo_KUW_title;Grant Kuwait Independence;;;;;;;;;;;;x,,
gtfo_KUW_desc;We've had a good run, but it's time to end our rulership of Kuwait: if you love something, let it go!;;;;;;;;;;;;x
gtfo_KWA_title;Grant Guangdong Independence;;;;;;;;;;;;x,,
gtfo_KWA_desc;We've had a good run, but it's time to end our rulership of Guangdong: if you love something, let it go!;;;;;;;;;;;;x
gtfo_KYR_title;Grant Kyrgyzstan Independence;;;;;;;;;;;;x,,
gtfo_KYR_desc;We've had a good run, but it's time to end our rulership of Kyrgyzstan: if you love something, let it go!;;;;;;;;;;;;x
gtfo_LAT_title;Grant Latvia Independence;;;;;;;;;;;;x,,
gtfo_LAT_desc;We've had a good run, but it's time to end our rulership of Latvia: if you love something, let it go!;;;;;;;;;;;;x
gtfo_LBW_title;Grant Lebowa Independence;;;;;;;;;;;;x,,
gtfo_LBW_desc;We've had a good run, but it's time to end our rulership of Lebowa: if you love something, let it go!;;;;;;;;;;;;x
gtfo_LEB_title;Grant Lebanon Independence;;;;;;;;;;;;x,,
gtfo_LEB_desc;We've had a good run, but it's time to end our rulership of Lebanon: if you love something, let it go!;;;;;;;;;;;;x
gtfo_LES_title;Grant Lesotho Independence;;;;;;;;;;;;x,,
gtfo_LES_desc;We've had a good run, but it's time to end our rulership of Lesotho: if you love something, let it go!;;;;;;;;;;;;x
gtfo_LIB_title;Grant Liberia Independence;;;;;;;;;;;;x,,
gtfo_LIB_desc;We've had a good run, but it's time to end our rulership of Liberia: if you love something, let it go!;;;;;;;;;;;;x
gtfo_LIT_title;Grant Lithuania Independence;;;;;;;;;;;;x,,
gtfo_LIT_desc;We've had a good run, but it's time to end our rulership of Lithuania: if you love something, let it go!;;;;;;;;;;;;x
gtfo_LOU_title;Grant Louisiana Independence;;;;;;;;;;;;x,,
gtfo_LOU_desc;We've had a good run, but it's time to end our rulership of Louisiana: if you love something, let it go!;;;;;;;;;;;;x
gtfo_LUA_title;Grant Luang Prabang Independence;;;;;;;;;;;;x,,
gtfo_LUA_desc;We've had a good run, but it's time to end our rulership of Luang Prabang: if you love something, let it go!;;;;;;;;;;;;x
gtfo_LUX_title;Grant Luxemburg Independence;;;;;;;;;;;;x,,
gtfo_LUX_desc;We've had a good run, but it's time to end our rulership of Luxemburg: if you love something, let it go!;;;;;;;;;;;;x
gtfo_MAC_title;Grant Macedonia Independence;;;;;;;;;;;;x,,
gtfo_MAC_desc;We've had a good run, but it's time to end our rulership of Macedonia: if you love something, let it go!;;;;;;;;;;;;x
gtfo_MAD_title;Grant Madagascar Independence;;;;;;;;;;;;x,,
gtfo_MAD_desc;We've had a good run, but it's time to end our rulership of Madagascar: if you love something, let it go!;;;;;;;;;;;;x
gtfo_MAE_title;Grant Madeira Independence;;;;;;;;;;;;x,,
gtfo_MAE_desc;We've had a good run, but it's time to end our rulership of Madeira: if you love something, let it go!;;;;;;;;;;;;x
gtfo_MAL_title;Grant Malta Independence;;;;;;;;;;;;x,,
gtfo_MAL_desc;We've had a good run, but it's time to end our rulership of Malta: if you love something, let it go!;;;;;;;;;;;;x
gtfo_MAR_title;Grant Marshall Islands Independence;;;;;;;;;;;;x,,
gtfo_MAR_desc;We've had a good run, but it's time to end our rulership of Marshall Islands: if you love something, let it go!;;;;;;;;;;;;x
gtfo_MAU_title;Grant Mauritania Independence;;;;;;;;;;;;x,,
gtfo_MAU_desc;We've had a good run, but it's time to end our rulership of Mauritania: if you love something, let it go!;;;;;;;;;;;;x
gtfo_MCA_title;Grant Macau Independence;;;;;;;;;;;;x,,
gtfo_MCA_desc;We've had a good run, but it's time to end our rulership of Macau: if you love something, let it go!;;;;;;;;;;;;x
gtfo_MCK_title;Grant Manchukuo Independence;;;;;;;;;;;;x,,
gtfo_MCK_desc;We've had a good run, but it's time to end our rulership of Manchukuo: if you love something, let it go!;;;;;;;;;;;;x
gtfo_MEX_title;Grant Mexico Independence;;;;;;;;;;;;x,,
gtfo_MEX_desc;We've had a good run, but it's time to end our rulership of Mexico: if you love something, let it go!;;;;;;;;;;;;x
gtfo_MGL_title;Grant Mongolia Independence;;;;;;;;;;;;x,,
gtfo_MGL_desc;We've had a good run, but it's time to end our rulership of Mongolia: if you love something, let it go!;;;;;;;;;;;;x
gtfo_MGY_title;Grant Magyar Region Independence;;;;;;;;;;;;x,,
gtfo_MGY_desc;We've had a good run, but it's time to end our rulership of Magyar Region: if you love something, let it go!;;;;;;;;;;;;x
gtfo_MIC_title;Grant Micronesia Independence;;;;;;;;;;;;x,,
gtfo_MIC_desc;We've had a good run, but it's time to end our rulership of Micronesia: if you love something, let it go!;;;;;;;;;;;;x
gtfo_MIN_title;Grant Mindanao Independence;;;;;;;;;;;;x,,
gtfo_MIN_desc;We've had a good run, but it's time to end our rulership of Mindanao: if you love something, let it go!;;;;;;;;;;;;x
gtfo_MIZ_title;Grant Mizoram Independence;;;;;;;;;;;;x,,
gtfo_MIZ_desc;We've had a good run, but it's time to end our rulership of Mizoram: if you love something, let it go!;;;;;;;;;;;;x
gtfo_MLD_title;Grant Maldives Independence;;;;;;;;;;;;x,,
gtfo_MLD_desc;We've had a good run, but it's time to end our rulership of Maldives: if you love something, let it go!;;;;;;;;;;;;x
gtfo_MLI_title;Grant Mali Independence;;;;;;;;;;;;x,,
gtfo_MLI_desc;We've had a good run, but it's time to end our rulership of Mali: if you love something, let it go!;;;;;;;;;;;;x
gtfo_MLW_title;Grant Malawa Independence;;;;;;;;;;;;x,,
gtfo_MLW_desc;We've had a good run, but it's time to end our rulership of Malawa: if you love something, let it go!;;;;;;;;;;;;x
gtfo_MNP_title;Grant Manipur Independence;;;;;;;;;;;;x,,
gtfo_MNP_desc;We've had a good run, but it's time to end our rulership of Manipur: if you love something, let it go!;;;;;;;;;;;;x
gtfo_MOL_title;Grant Moldavia Independence;;;;;;;;;;;;x,,
gtfo_MOL_desc;We've had a good run, but it's time to end our rulership of Moldavia: if you love something, let it go!;;;;;;;;;;;;x
gtfo_MON_title;Grant Montenegro Independence;;;;;;;;;;;;x,,
gtfo_MON_desc;We've had a good run, but it's time to end our rulership of Montenegro: if you love something, let it go!;;;;;;;;;;;;x
gtfo_MOR_title;Grant Morocco Independence;;;;;;;;;;;;x,,
gtfo_MOR_desc;We've had a good run, but it's time to end our rulership of Morocco: if you love something, let it go!;;;;;;;;;;;;x
gtfo_MOS_title;Grant Mon State Independence;;;;;;;;;;;;x,,
gtfo_MOS_desc;We've had a good run, but it's time to end our rulership of Mon State: if you love something, let it go!;;;;;;;;;;;;x
gtfo_MOZ_title;Grant Mozambique Independence;;;;;;;;;;;;x,,
gtfo_MOZ_desc;We've had a good run, but it's time to end our rulership of Mozambique: if you love something, let it go!;;;;;;;;;;;;x
gtfo_MRD_title;Grant Mordovia Independence;;;;;;;;;;;;x,,
gtfo_MRD_desc;We've had a good run, but it's time to end our rulership of Mordovia: if you love something, let it go!;;;;;;;;;;;;x
gtfo_MRI_title;Grant Mari El Independence;;;;;;;;;;;;x,,
gtfo_MRI_desc;We've had a good run, but it's time to end our rulership of Mari El: if you love something, let it go!;;;;;;;;;;;;x
gtfo_MRT_title;Grant Mauritius Independence;;;;;;;;;;;;x,,
gtfo_MRT_desc;We've had a good run, but it's time to end our rulership of Mauritius: if you love something, let it go!;;;;;;;;;;;;x
gtfo_MSU_title;Grant Mosul Independence;;;;;;;;;;;;x,,
gtfo_MSU_desc;We've had a good run, but it's time to end our rulership of Mosul: if you love something, let it go!;;;;;;;;;;;;x
gtfo_MSY_title;Grant Malaysia Independence;;;;;;;;;;;;x,,
gtfo_MSY_desc;We've had a good run, but it's time to end our rulership of Malaysia: if you love something, let it go!;;;;;;;;;;;;x
gtfo_MYS_title;Grant Mysore Independence;;;;;;;;;;;;x,,
gtfo_MYS_desc;We've had a good run, but it's time to end our rulership of Mysore: if you love something, let it go!;;;;;;;;;;;;x
gtfo_NAG_title;Grant Nagpur Independence;;;;;;;;;;;;x,,
gtfo_NAG_desc;We've had a good run, but it's time to end our rulership of Nagpur: if you love something, let it go!;;;;;;;;;;;;x
gtfo_NAK_title;Grant Nagorno-Karabakh Independence;;;;;;;;;;;;x,,
gtfo_NAK_desc;We've had a good run, but it's time to end our rulership of Nagorno-Karabakh: if you love something, let it go!;;;;;;;;;;;;x
gtfo_NAM_title;Grant Namibia Independence;;;;;;;;;;;;x,,
gtfo_NAM_desc;We've had a good run, but it's time to end our rulership of Namibia: if you love something, let it go!;;;;;;;;;;;;x
gtfo_NAU_title;Grant Nauru Independence;;;;;;;;;;;;x,,
gtfo_NAU_desc;We've had a good run, but it's time to end our rulership of Nauru: if you love something, let it go!;;;;;;;;;;;;x
gtfo_NAX_title;Grant Naxalite India Independence;;;;;;;;;;;;x,,
gtfo_NAX_desc;We've had a good run, but it's time to end our rulership of Naxalite India: if you love something, let it go!;;;;;;;;;;;;x
gtfo_NCA_title;Grant New Caledonia Independence;;;;;;;;;;;;x,,
gtfo_NCA_desc;We've had a good run, but it's time to end our rulership of New Caledonia: if you love something, let it go!;;;;;;;;;;;;x
gtfo_NCY_title;Grant Northern Cyprus Independence;;;;;;;;;;;;x,,
gtfo_NCY_desc;We've had a good run, but it's time to end our rulership of Northern Cyprus: if you love something, let it go!;;;;;;;;;;;;x
gtfo_NDB_title;Grant KwaNdebele Independence;;;;;;;;;;;;x,,
gtfo_NDB_desc;We've had a good run, but it's time to end our rulership of KwaNdebele: if you love something, let it go!;;;;;;;;;;;;x
gtfo_NEP_title;Grant Nepal Independence;;;;;;;;;;;;x,,
gtfo_NEP_desc;We've had a good run, but it's time to end our rulership of Nepal: if you love something, let it go!;;;;;;;;;;;;x
gtfo_NET_title;Grant Netherlands Independence;;;;;;;;;;;;x,,
gtfo_NET_desc;We've had a good run, but it's time to end our rulership of Netherlands: if you love something, let it go!;;;;;;;;;;;;x
gtfo_NFL_title;Grant Newfoundland Independence;;;;;;;;;;;;x,,
gtfo_NFL_desc;We've had a good run, but it's time to end our rulership of Newfoundland: if you love something, let it go!;;;;;;;;;;;;x
gtfo_NGE_title;Grant Nigeria Independence;;;;;;;;;;;;x,,
gtfo_NGE_desc;We've had a good run, but it's time to end our rulership of Nigeria: if you love something, let it go!;;;;;;;;;;;;x
gtfo_NGW_title;Grant KaNgwane Independence;;;;;;;;;;;;x,,
gtfo_NGW_desc;We've had a good run, but it's time to end our rulership of KaNgwane: if you love something, let it go!;;;;;;;;;;;;x
gtfo_NGX_title;Grant Ningxia Independence;;;;;;;;;;;;x,,
gtfo_NGX_desc;We've had a good run, but it's time to end our rulership of Ningxia: if you love something, let it go!;;;;;;;;;;;;x
gtfo_NIC_title;Grant Nicaragua Independence;;;;;;;;;;;;x,,
gtfo_NIC_desc;We've had a good run, but it's time to end our rulership of Nicaragua: if you love something, let it go!;;;;;;;;;;;;x
gtfo_NIG_title;Grant Niger Independence;;;;;;;;;;;;x,,
gtfo_NIG_desc;We've had a good run, but it's time to end our rulership of Niger: if you love something, let it go!;;;;;;;;;;;;x
gtfo_NIR_title;Grant Northern Ireland Independence;;;;;;;;;;;;x,,
gtfo_NIR_desc;We've had a good run, but it's time to end our rulership of Northern Ireland: if you love something, let it go!;;;;;;;;;;;;x
gtfo_NIU_title;Grant Niue Independence;;;;;;;;;;;;x,,
gtfo_NIU_desc;We've had a good run, but it's time to end our rulership of Niue: if you love something, let it go!;;;;;;;;;;;;x
gtfo_NKH_title;Grant Nakhichevan Independence;;;;;;;;;;;;x,,
gtfo_NKH_desc;We've had a good run, but it's time to end our rulership of Nakhichevan: if you love something, let it go!;;;;;;;;;;;;x
gtfo_NKO_title;Grant North Korea Independence;;;;;;;;;;;;x,,
gtfo_NKO_desc;We've had a good run, but it's time to end our rulership of North Korea: if you love something, let it go!;;;;;;;;;;;;x
gtfo_NMI_title;Grant Northern Mariana Islands Independence;;;;;;;;;;;;x,,
gtfo_NMI_desc;We've had a good run, but it's time to end our rulership of Northern Mariana Islands: if you love something, let it go!;;;;;;;;;;;;x
gtfo_NOR_title;Grant Norway Independence;;;;;;;;;;;;x,,
gtfo_NOR_desc;We've had a good run, but it's time to end our rulership of Norway: if you love something, let it go!;;;;;;;;;;;;x
gtfo_NOS_title;Grant North Ossetia Independence;;;;;;;;;;;;x,,
gtfo_NOS_desc;We've had a good run, but it's time to end our rulership of North Ossetia: if you love something, let it go!;;;;;;;;;;;;x
gtfo_NRI_title;Grant Norfolk Island Independence;;;;;;;;;;;;x,,
gtfo_NRI_desc;We've had a good run, but it's time to end our rulership of Norfolk Island: if you love something, let it go!;;;;;;;;;;;;x
gtfo_NRO_title;Grant Novorossiya Independence;;;;;;;;;;;;x,,
gtfo_NRO_desc;We've had a good run, but it's time to end our rulership of Novorossiya: if you love something, let it go!;;;;;;;;;;;;x
gtfo_NZL_title;Grant New Zealand Independence;;;;;;;;;;;;x,,
gtfo_NZL_desc;We've had a good run, but it's time to end our rulership of New Zealand: if you love something, let it go!;;;;;;;;;;;;x
gtfo_OMA_title;Grant Oman Independence;;;;;;;;;;;;x,,
gtfo_OMA_desc;We've had a good run, but it's time to end our rulership of Oman: if you love something, let it go!;;;;;;;;;;;;x
gtfo_ORI_title;Grant Orissa Independence;;;;;;;;;;;;x,,
gtfo_ORI_desc;We've had a good run, but it's time to end our rulership of Orissa: if you love something, let it go!;;;;;;;;;;;;x
gtfo_ORM_title;Grant Oromia Independence;;;;;;;;;;;;x,,
gtfo_ORM_desc;We've had a good run, but it's time to end our rulership of Oromia: if you love something, let it go!;;;;;;;;;;;;x
gtfo_PAK_title;Grant Pakistan Independence;;;;;;;;;;;;x,,
gtfo_PAK_desc;We've had a good run, but it's time to end our rulership of Pakistan: if you love something, let it go!;;;;;;;;;;;;x
gtfo_PAL_title;Grant Palestine Independence;;;;;;;;;;;;x,,
gtfo_PAL_desc;We've had a good run, but it's time to end our rulership of Palestine: if you love something, let it go!;;;;;;;;;;;;x
gtfo_PAP_title;Grant Papal States Independence;;;;;;;;;;;;x,,
gtfo_PAP_desc;We've had a good run, but it's time to end our rulership of Papal States: if you love something, let it go!;;;;;;;;;;;;x
gtfo_PAT_title;Grant Patani Independence;;;;;;;;;;;;x,,
gtfo_PAT_desc;We've had a good run, but it's time to end our rulership of Patani: if you love something, let it go!;;;;;;;;;;;;x
gtfo_PAU_title;Grant Palau Independence;;;;;;;;;;;;x,,
gtfo_PAU_desc;We've had a good run, but it's time to end our rulership of Palau: if you love something, let it go!;;;;;;;;;;;;x
gtfo_PER_title;Grant Persia Independence;;;;;;;;;;;;x,,
gtfo_PER_desc;We've had a good run, but it's time to end our rulership of Persia: if you love something, let it go!;;;;;;;;;;;;x
gtfo_PEU_title;Grant Peru Independence;;;;;;;;;;;;x,,
gtfo_PEU_desc;We've had a good run, but it's time to end our rulership of Peru: if you love something, let it go!;;;;;;;;;;;;x
gtfo_PHI_title;Grant Philippines Independence;;;;;;;;;;;;x,,
gtfo_PHI_desc;We've had a good run, but it's time to end our rulership of Philippines: if you love something, let it go!;;;;;;;;;;;;x
gtfo_PNJ_title;Grant Panjab Independence;;;;;;;;;;;;x,,
gtfo_PNJ_desc;We've had a good run, but it's time to end our rulership of Panjab: if you love something, let it go!;;;;;;;;;;;;x
gtfo_PNM_title;Grant Panama Independence;;;;;;;;;;;;x,,
gtfo_PNM_desc;We've had a good run, but it's time to end our rulership of Panama: if you love something, let it go!;;;;;;;;;;;;x
gtfo_POL_title;Grant Poland Independence;;;;;;;;;;;;x,,
gtfo_POL_desc;We've had a good run, but it's time to end our rulership of Poland: if you love something, let it go!;;;;;;;;;;;;x
gtfo_POR_title;Grant Portugal Independence;;;;;;;;;;;;x,,
gtfo_POR_desc;We've had a good run, but it's time to end our rulership of Portugal: if you love something, let it go!;;;;;;;;;;;;x
gtfo_POY_title;Grant Polynesia Independence;;;;;;;;;;;;x,,
gtfo_POY_desc;We've had a good run, but it's time to end our rulership of Polynesia: if you love something, let it go!;;;;;;;;;;;;x
gtfo_PPN_title;Grant Papua New Guinea Independence;;;;;;;;;;;;x,,
gtfo_PPN_desc;We've had a good run, but it's time to end our rulership of Papua New Guinea: if you love something, let it go!;;;;;;;;;;;;x
gtfo_PRG_title;Grant Paraguay Independence;;;;;;;;;;;;x,,
gtfo_PRG_desc;We've had a good run, but it's time to end our rulership of Paraguay: if you love something, let it go!;;;;;;;;;;;;x
gtfo_PUL_title;Grant Puntland Independence;;;;;;;;;;;;x,,
gtfo_PUL_desc;We've had a good run, but it's time to end our rulership of Puntland: if you love something, let it go!;;;;;;;;;;;;x
gtfo_PUR_title;Grant Puerto Rico Independence;;;;;;;;;;;;x,,
gtfo_PUR_desc;We've had a good run, but it's time to end our rulership of Puerto Rico: if you love something, let it go!;;;;;;;;;;;;x
gtfo_QAT_title;Grant Qatar Independence;;;;;;;;;;;;x,,
gtfo_QAT_desc;We've had a good run, but it's time to end our rulership of Qatar: if you love something, let it go!;;;;;;;;;;;;x
gtfo_QNG_title;Grant Qing China Independence;;;;;;;;;;;;x,,
gtfo_QNG_desc;We've had a good run, but it's time to end our rulership of Qing China: if you love something, let it go!;;;;;;;;;;;;x
gtfo_QUE_title;Grant Quebec Independence;;;;;;;;;;;;x,,
gtfo_QUE_desc;We've had a good run, but it's time to end our rulership of Quebec: if you love something, let it go!;;;;;;;;;;;;x
gtfo_QWA_title;Grant QwaQwa Independence;;;;;;;;;;;;x,,
gtfo_QWA_desc;We've had a good run, but it's time to end our rulership of QwaQwa: if you love something, let it go!;;;;;;;;;;;;x
gtfo_RAA_title;Grant Rajputana Independence;;;;;;;;;;;;x,,
gtfo_RAA_desc;We've had a good run, but it's time to end our rulership of Rajputana: if you love something, let it go!;;;;;;;;;;;;x
gtfo_RAJ_title;Grant India Independence;;;;;;;;;;;;x,,
gtfo_RAJ_desc;We've had a good run, but it's time to end our rulership of Raj: if you love something, let it go!;;;;;;;;;;;;x
gtfo_RAK_title;Grant Rakhine Independence;;;;;;;;;;;;x,,
gtfo_RAK_desc;We've had a good run, but it's time to end our rulership of Rakhine: if you love something, let it go!;;;;;;;;;;;;x
gtfo_RGS_title;Grant Rio Grande do Sul Independence;;;;;;;;;;;;x,,
gtfo_RGS_desc;We've had a good run, but it's time to end our rulership of Rio Grande do Sul: if you love something, let it go!;;;;;;;;;;;;x
gtfo_RHO_title;Grant Southern Rhodesia Independence;;;;;;;;;;;;x,,
gtfo_RHO_desc;We've had a good run, but it's time to end our rulership of Southern Rhodesia: if you love something, let it go!;;;;;;;;;;;;x
gtfo_ROC_title;Grant Rep Of The Congo Independence;;;;;;;;;;;;x,,
gtfo_ROC_desc;We've had a good run, but it's time to end our rulership of Rep Of The Congo: if you love something, let it go!;;;;;;;;;;;;x
gtfo_ROJ_title;Grant Rojava Independence;;;;;;;;;;;;x,,
gtfo_ROJ_desc;We've had a good run, but it's time to end our rulership of Rojava: if you love something, let it go!;;;;;;;;;;;;x
gtfo_ROM_title;Grant Romania Independence;;;;;;;;;;;;x,,
gtfo_ROM_desc;We've had a good run, but it's time to end our rulership of Romania: if you love something, let it go!;;;;;;;;;;;;x
gtfo_RSR_title;Grant Republica Srpska Independence;;;;;;;;;;;;x,,
gtfo_RSR_desc;We've had a good run, but it's time to end our rulership of Republica Srpska: if you love something, let it go!;;;;;;;;;;;;x
gtfo_RUS_title;Grant Russia Independence;;;;;;;;;;;;x,,
gtfo_RUS_desc;We've had a good run, but it's time to end our rulership of Russia: if you love something, let it go!;;;;;;;;;;;;x
gtfo_RUT_title;Grant Ruthenia Independence;;;;;;;;;;;;x,,
gtfo_RUT_desc;We've had a good run, but it's time to end our rulership of Ruthenia: if you love something, let it go!;;;;;;;;;;;;x
gtfo_RWA_title;Grant Rwanda Independence;;;;;;;;;;;;x,,
gtfo_RWA_desc;We've had a good run, but it's time to end our rulership of Rwanda: if you love something, let it go!;;;;;;;;;;;;x
gtfo_RYK_title;Grant Ryukyu Independence;;;;;;;;;;;;x,,
gtfo_RYK_desc;We've had a good run, but it's time to end our rulership of Ryukyu: if you love something, let it go!;;;;;;;;;;;;x
gtfo_SAA_title;Grant Saudi Arabia Independence;;;;;;;;;;;;x,,
gtfo_SAA_desc;We've had a good run, but it's time to end our rulership of Saudi Arabia: if you love something, let it go!;;;;;;;;;;;;x
gtfo_SAF_title;Grant South Africa Independence;;;;;;;;;;;;x,,
gtfo_SAF_desc;We've had a good run, but it's time to end our rulership of South Africa: if you love something, let it go!;;;;;;;;;;;;x
gtfo_SAL_title;Grant Saarland Independence;;;;;;;;;;;;x,,
gtfo_SAL_desc;We've had a good run, but it's time to end our rulership of Saarland: if you love something, let it go!;;;;;;;;;;;;x
gtfo_SAM_title;Grant Samoa Independence;;;;;;;;;;;;x,,
gtfo_SAM_desc;We've had a good run, but it's time to end our rulership of Samoa: if you love something, let it go!;;;;;;;;;;;;x
gtfo_SAR_title;Grant Sardinia Independence;;;;;;;;;;;;x,,
gtfo_SAR_desc;We've had a good run, but it's time to end our rulership of Sardinia: if you love something, let it go!;;;;;;;;;;;;x
gtfo_SCA_title;Grant Scandinavia Independence;;;;;;;;;;;;x,,
gtfo_SCA_desc;We've had a good run, but it's time to end our rulership of Scandinavia: if you love something, let it go!;;;;;;;;;;;;x
gtfo_SCI_title;Grant Sicily Independence;;;;;;;;;;;;x,,
gtfo_SCI_desc;We've had a good run, but it's time to end our rulership of Sicily: if you love something, let it go!;;;;;;;;;;;;x
gtfo_SCO_title;Grant Scotland Independence;;;;;;;;;;;;x,,
gtfo_SCO_desc;We've had a good run, but it's time to end our rulership of Scotland: if you love something, let it go!;;;;;;;;;;;;x
gtfo_SEL_title;Grant Seleka Independence;;;;;;;;;;;;x,,
gtfo_SEL_desc;We've had a good run, but it's time to end our rulership of Seleka: if you love something, let it go!;;;;;;;;;;;;x
gtfo_SEN_title;Grant Senegalia Independence;;;;;;;;;;;;x,,
gtfo_SEN_desc;We've had a good run, but it's time to end our rulership of Senegalia: if you love something, let it go!;;;;;;;;;;;;x
gtfo_SER_title;Grant Serbia Independence;;;;;;;;;;;;x,,
gtfo_SER_desc;We've had a good run, but it's time to end our rulership of Serbia: if you love something, let it go!;;;;;;;;;;;;x
gtfo_SEY_title;Grant Seychelles Independence;;;;;;;;;;;;x,,
gtfo_SEY_desc;We've had a good run, but it's time to end our rulership of Seychelles: if you love something, let it go!;;;;;;;;;;;;x
gtfo_SHA_title;Grant Shan Independence;;;;;;;;;;;;x,,
gtfo_SHA_desc;We've had a good run, but it's time to end our rulership of Shan: if you love something, let it go!;;;;;;;;;;;;x
gtfo_SIK_title;Grant Sikkim Independence;;;;;;;;;;;;x,,
gtfo_SIK_desc;We've had a good run, but it's time to end our rulership of Sikkim: if you love something, let it go!;;;;;;;;;;;;x
gtfo_SIN_title;Grant Sind Independence;;;;;;;;;;;;x,,
gtfo_SIN_desc;We've had a good run, but it's time to end our rulership of Sind: if you love something, let it go!;;;;;;;;;;;;x
gtfo_SKN_title;Grant St Kits And Nevis Independence;;;;;;;;;;;;x,,
gtfo_SKN_desc;We've had a good run, but it's time to end our rulership of St Kits And Nevis: if you love something, let it go!;;;;;;;;;;;;x
gtfo_SKO_title;Grant South Korea Independence;;;;;;;;;;;;x,,
gtfo_SKO_desc;We've had a good run, but it's time to end our rulership of South Korea: if you love something, let it go!;;;;;;;;;;;;x
gtfo_SLO_title;Grant Slovenia Independence;;;;;;;;;;;;x,,
gtfo_SLO_desc;We've had a good run, but it's time to end our rulership of Slovenia: if you love something, let it go!;;;;;;;;;;;;x
gtfo_SLV_title;Grant Slovakia Independence;;;;;;;;;;;;x,,
gtfo_SLV_desc;We've had a good run, but it's time to end our rulership of Slovakia: if you love something, let it go!;;;;;;;;;;;;x
gtfo_SMA_title;Grant Sint Maarten Independence;;;;;;;;;;;;x,,
gtfo_SMA_desc;We've had a good run, but it's time to end our rulership of Sint Maarten: if you love something, let it go!;;;;;;;;;;;;x
gtfo_SML_title;Grant Somaliland Independence;;;;;;;;;;;;x,,
gtfo_SML_desc;We've had a good run, but it's time to end our rulership of Somaliland: if you love something, let it go!;;;;;;;;;;;;x
gtfo_SMU_title;Grant South Maluku Independence;;;;;;;;;;;;x,,
gtfo_SMU_desc;We've had a good run, but it's time to end our rulership of South Maluku: if you love something, let it go!;;;;;;;;;;;;x
gtfo_SNG_title;Grant Singapore Independence;;;;;;;;;;;;x,,
gtfo_SNG_desc;We've had a good run, but it's time to end our rulership of Singapore: if you love something, let it go!;;;;;;;;;;;;x
gtfo_SOL_title;Grant Solomon Islands Independence;;;;;;;;;;;;x,,
gtfo_SOL_desc;We've had a good run, but it's time to end our rulership of Solomon Islands: if you love something, let it go!;;;;;;;;;;;;x
gtfo_SOM_title;Grant Somalia Independence;;;;;;;;;;;;x,,
gtfo_SOM_desc;We've had a good run, but it's time to end our rulership of Somalia: if you love something, let it go!;;;;;;;;;;;;x
gtfo_SOT_title;Grant South Ossetia Independence;;;;;;;;;;;;x,,
gtfo_SOT_desc;We've had a good run, but it's time to end our rulership of South Ossetia: if you love something, let it go!;;;;;;;;;;;;x
gtfo_SPA_title;Grant Spain Independence;;;;;;;;;;;;x,,
gtfo_SPA_desc;We've had a good run, but it's time to end our rulership of Spain: if you love something, let it go!;;;;;;;;;;;;x
gtfo_SPM_title;Grant Saint Pierre and Miquelon Independence;;;;;;;;;;;;x,,
gtfo_SPM_desc;We've had a good run, but it's time to end our rulership of Saint Pierre and Miquelon: if you love something, let it go!;;;;;;;;;;;;x
gtfo_SRK_title;Grant Krajina Independence;;;;;;;;;;;;x,,
gtfo_SRK_desc;We've had a good run, but it's time to end our rulership of Krajina: if you love something, let it go!;;;;;;;;;;;;x
gtfo_SRL_title;Grant Sri Lanka Independence;;;;;;;;;;;;x,,
gtfo_SRL_desc;We've had a good run, but it's time to end our rulership of Sri Lanka: if you love something, let it go!;;;;;;;;;;;;x
gtfo_SRN_title;Grant Sierra Leone Independence;;;;;;;;;;;;x,,
gtfo_SRN_desc;We've had a good run, but it's time to end our rulership of Sierra Leone: if you love something, let it go!;;;;;;;;;;;;x
gtfo_SSU_title;Grant South Sudan Independence;;;;;;;;;;;;x,,
gtfo_SSU_desc;We've had a good run, but it's time to end our rulership of South Sudan: if you love something, let it go!;;;;;;;;;;;;x
gtfo_STL_title;Grant St Lucia Independence;;;;;;;;;;;;x,,
gtfo_STL_desc;We've had a good run, but it's time to end our rulership of St Lucia: if you love something, let it go!;;;;;;;;;;;;x
gtfo_STP_title;Grant Sao Tome And Principe Independence;;;;;;;;;;;;x,,
gtfo_STP_desc;We've had a good run, but it's time to end our rulership of Sao Tome And Principe: if you love something, let it go!;;;;;;;;;;;;x
gtfo_SUD_title;Grant Sudan Independence;;;;;;;;;;;;x,,
gtfo_SUD_desc;We've had a good run, but it's time to end our rulership of Sudan: if you love something, let it go!;;;;;;;;;;;;x
gtfo_SUR_title;Grant Suriname Independence;;;;;;;;;;;;x,,
gtfo_SUR_desc;We've had a good run, but it's time to end our rulership of Suriname: if you love something, let it go!;;;;;;;;;;;;x
gtfo_SUT_title;Grant South Tyrol Independence;;;;;;;;;;;;x,,
gtfo_SUT_desc;We've had a good run, but it's time to end our rulership of South Tyrol: if you love something, let it go!;;;;;;;;;;;;x
gtfo_SVG_title;Grant St Vincent And Grenadines Independence;;;;;;;;;;;;x,,
gtfo_SVG_desc;We've had a good run, but it's time to end our rulership of St Vincent And Grenadines: if you love something, let it go!;;;;;;;;;;;;x
gtfo_SVI_title;Grant South Vietnam Independence;;;;;;;;;;;;x,,
gtfo_SVI_desc;We've had a good run, but it's time to end our rulership of South Vietnam: if you love something, let it go!;;;;;;;;;;;;x
gtfo_SWA_title;Grant Swaziland Independence;;;;;;;;;;;;x,,
gtfo_SWA_desc;We've had a good run, but it's time to end our rulership of Swaziland: if you love something, let it go!;;;;;;;;;;;;x
gtfo_SWE_title;Grant Sweden Independence;;;;;;;;;;;;x,,
gtfo_SWE_desc;We've had a good run, but it's time to end our rulership of Sweden: if you love something, let it go!;;;;;;;;;;;;x
gtfo_SWI_title;Grant Switzerland Independence;;;;;;;;;;;;x,,
gtfo_SWI_desc;We've had a good run, but it's time to end our rulership of Switzerland: if you love something, let it go!;;;;;;;;;;;;x
gtfo_SYE_title;Grant South Yemen Independence;;;;;;;;;;;;x,,
gtfo_SYE_desc;We've had a good run, but it's time to end our rulership of South Yemen: if you love something, let it go!;;;;;;;;;;;;x
gtfo_SYR_title;Grant Syria Independence;;;;;;;;;;;;x,,
gtfo_SYR_desc;We've had a good run, but it's time to end our rulership of Syria: if you love something, let it go!;;;;;;;;;;;;x
gtfo_TAE_title;Grant Tamil Eelam Independence;;;;;;;;;;;;x,,
gtfo_TAE_desc;We've had a good run, but it's time to end our rulership of Tamil Eelam: if you love something, let it go!;;;;;;;;;;;;x
gtfo_TAI_title;Grant Taiwan Independence;;;;;;;;;;;;x,,
gtfo_TAI_desc;We've had a good run, but it's time to end our rulership of Taiwan: if you love something, let it go!;;;;;;;;;;;;x
gtfo_TAJ_title;Grant Tajikistan Independence;;;;;;;;;;;;x,,
gtfo_TAJ_desc;We've had a good run, but it's time to end our rulership of Tajikistan: if you love something, let it go!;;;;;;;;;;;;x
gtfo_TAN_title;Grant Tanzania Independence;;;;;;;;;;;;x,,
gtfo_TAN_desc;We've had a good run, but it's time to end our rulership of Tanzania: if you love something, let it go!;;;;;;;;;;;;x
gtfo_TAR_title;Grant Tatarstan Independence;;;;;;;;;;;;x,,
gtfo_TAR_desc;We've had a good run, but it's time to end our rulership of Tatarstan: if you love something, let it go!;;;;;;;;;;;;x
gtfo_TAT_title;Grant Trinidad and Tobago Independence;;;;;;;;;;;;x,,
gtfo_TAT_desc;We've had a good run, but it's time to end our rulership of Trinidad and Tobago: if you love something, let it go!;;;;;;;;;;;;x
gtfo_TCI_title;Grant Turks and Caicos Islands Independence;;;;;;;;;;;;x,,
gtfo_TCI_desc;We've had a good run, but it's time to end our rulership of Turks and Caicos Islands: if you love something, let it go!;;;;;;;;;;;;x
gtfo_TEX_title;Grant Texas Independence;;;;;;;;;;;;x,,
gtfo_TEX_desc;We've had a good run, but it's time to end our rulership of Texas: if you love something, let it go!;;;;;;;;;;;;x
gtfo_TGZ_title;Grant Tangier Independence;;;;;;;;;;;;x,,
gtfo_TGZ_desc;We've had a good run, but it's time to end our rulership of Tangier: if you love something, let it go!;;;;;;;;;;;;x
gtfo_THI_title;Grant Thailand Independence;;;;;;;;;;;;x,,
gtfo_THI_desc;We've had a good run, but it's time to end our rulership of Thailand: if you love something, let it go!;;;;;;;;;;;;x
gtfo_TIB_title;Grant Tibet Independence;;;;;;;;;;;;x,,
gtfo_TIB_desc;We've had a good run, but it's time to end our rulership of Tibet: if you love something, let it go!;;;;;;;;;;;;x
gtfo_TIM_title;Grant East Timor Independence;;;;;;;;;;;;x,,
gtfo_TIM_desc;We've had a good run, but it's time to end our rulership of East Timor: if you love something, let it go!;;;;;;;;;;;;x
gtfo_TKR_title;Grant Turkestan Independence;;;;;;;;;;;;x,,
gtfo_TKR_desc;We've had a good run, but it's time to end our rulership of Turkestan: if you love something, let it go!;;;;;;;;;;;;x
gtfo_TNT_title;Grant Tuva Independence;;;;;;;;;;;;x,,
gtfo_TNT_desc;We've had a good run, but it's time to end our rulership of Tuva: if you love something, let it go!;;;;;;;;;;;;x
gtfo_TOG_title;Grant Togo Independence;;;;;;;;;;;;x,,
gtfo_TOG_desc;We've had a good run, but it's time to end our rulership of Togo: if you love something, let it go!;;;;;;;;;;;;x
gtfo_TOK_title;Grant Tokelau Independence;;;;;;;;;;;;x,,
gtfo_TOK_desc;We've had a good run, but it's time to end our rulership of Tokelau: if you love something, let it go!;;;;;;;;;;;;x
gtfo_TON_title;Grant Tonga Independence;;;;;;;;;;;;x,,
gtfo_TON_desc;We've had a good run, but it's time to end our rulership of Tonga: if you love something, let it go!;;;;;;;;;;;;x
gtfo_TRA_title;Grant Travancore Independence;;;;;;;;;;;;x,,
gtfo_TRA_desc;We've had a good run, but it's time to end our rulership of Travancore: if you love something, let it go!;;;;;;;;;;;;x
gtfo_TRD_title;Grant Transnistria Independence;;;;;;;;;;;;x,,
gtfo_TRD_desc;We've had a good run, but it's time to end our rulership of Transnistria: if you love something, let it go!;;;;;;;;;;;;x
gtfo_TRE_title;Grant Trieste Independence;;;;;;;;;;;;x,,
gtfo_TRE_desc;We've had a good run, but it's time to end our rulership of Trieste: if you love something, let it go!;;;;;;;;;;;;x
gtfo_TRI_title;Grant Libya Independence;;;;;;;;;;;;x,,
gtfo_TRI_desc;We've had a good run, but it's time to end our rulership of Tripoli: if you love something, let it go!;;;;;;;;;;;;x
gtfo_TRK_title;Grant Transkei Independence;;;;;;;;;;;;x,,
gtfo_TRK_desc;We've had a good run, but it's time to end our rulership of Transkei: if you love something, let it go!;;;;;;;;;;;;x
gtfo_TUN_title;Grant Tunis Independence;;;;;;;;;;;;x,,
gtfo_TUN_desc;We've had a good run, but it's time to end our rulership of Tunis: if you love something, let it go!;;;;;;;;;;;;x
gtfo_TUR_title;Grant Ottoman Empire Independence;;;;;;;;;;;;x,,
gtfo_TUR_desc;We've had a good run, but it's time to end our rulership of Ottoman Empire: if you love something, let it go!;;;;;;;;;;;;x
gtfo_TUV_title;Grant Tuvalu Independence;;;;;;;;;;;;x,,
gtfo_TUV_desc;We've had a good run, but it's time to end our rulership of Tuvalu: if you love something, let it go!;;;;;;;;;;;;x
gtfo_UAE_title;Grant United Arab Emirates Independence;;;;;;;;;;;;x,,
gtfo_UAE_desc;We've had a good run, but it's time to end our rulership of United Arab Emirates: if you love something, let it go!;;;;;;;;;;;;x
gtfo_UAR_title;Grant United Arab Republic Independence;;;;;;;;;;;;x,,
gtfo_UAR_desc;We've had a good run, but it's time to end our rulership of United Arab Republic: if you love something, let it go!;;;;;;;;;;;;x
gtfo_UBD_title;Grant United Baltic Provinces Independence;;;;;;;;;;;;x,,
gtfo_UBD_desc;We've had a good run, but it's time to end our rulership of United Baltic Provinces: if you love something, let it go!;;;;;;;;;;;;x
gtfo_UCH_title;Grant Reorganized Government of China Independence;;;;;;;;;;;;x,,
gtfo_UCH_desc;We've had a good run, but it's time to end our rulership of Reorganized Government of China: if you love something, let it go!;;;;;;;;;;;;x
gtfo_UCS_title;Grant Congo Stanleyville Independence;;;;;;;;;;;;x,,
gtfo_UCS_desc;We've had a good run, but it's time to end our rulership of Congo Stanleyville: if you love something, let it go!;;;;;;;;;;;;x
gtfo_UDM_title;Grant Udmurtia Independence;;;;;;;;;;;;x,,
gtfo_UDM_desc;We've had a good run, but it's time to end our rulership of Udmurtia: if you love something, let it go!;;;;;;;;;;;;x
gtfo_UFR_title;Grant Free France Independence;;;;;;;;;;;;x,,
gtfo_UFR_desc;We've had a good run, but it's time to end our rulership of Free France: if you love something, let it go!;;;;;;;;;;;;x
gtfo_UGA_title;Grant Uganda Independence;;;;;;;;;;;;x,,
gtfo_UGA_desc;We've had a good run, but it's time to end our rulership of Uganda: if you love something, let it go!;;;;;;;;;;;;x
gtfo_UGR_title;Grant Provincial Democratic Greece Independence;;;;;;;;;;;;x,,
gtfo_UGR_desc;We've had a good run, but it's time to end our rulership of Provincial Democratic Greece: if you love something, let it go!;;;;;;;;;;;;x
gtfo_UKR_title;Grant Ukraine Independence;;;;;;;;;;;;x,,
gtfo_UKR_desc;We've had a good run, but it's time to end our rulership of Ukraine: if you love something, let it go!;;;;;;;;;;;;x
gtfo_URU_title;Grant Uruguay Independence;;;;;;;;;;;;x,,
gtfo_URU_desc;We've had a good run, but it's time to end our rulership of Uruguay: if you love something, let it go!;;;;;;;;;;;;x
gtfo_USA_title;Grant USA Independence;;;;;;;;;;;;x,,
gtfo_USA_desc;We've had a good run, but it's time to end our rulership of USA: if you love something, let it go!;;;;;;;;;;;;x
gtfo_USY_title;Grant Syrian Interim Government Independence;;;;;;;;;;;;x,,
gtfo_USY_desc;We've had a good run, but it's time to end our rulership of Syrian Interim Government: if you love something, let it go!;;;;;;;;;;;;x
gtfo_UZB_title;Grant Uzbekistan Independence;;;;;;;;;;;;x,,
gtfo_UZB_desc;We've had a good run, but it's time to end our rulership of Uzbekistan: if you love something, let it go!;;;;;;;;;;;;x
gtfo_VAN_title;Grant Vanuatu Independence;;;;;;;;;;;;x,,
gtfo_VAN_desc;We've had a good run, but it's time to end our rulership of Vanuatu: if you love something, let it go!;;;;;;;;;;;;x
gtfo_VED_title;Grant Venda Independence;;;;;;;;;;;;x,,
gtfo_VED_desc;We've had a good run, but it's time to end our rulership of Venda: if you love something, let it go!;;;;;;;;;;;;x
gtfo_VIR_title;Grant Virgin Islands Independence;;;;;;;;;;;;x,,
gtfo_VIR_desc;We've had a good run, but it's time to end our rulership of Virgin Islands: if you love something, let it go!;;;;;;;;;;;;x
gtfo_VNZ_title;Grant Venezuela Independence;;;;;;;;;;;;x,,
gtfo_VNZ_desc;We've had a good run, but it's time to end our rulership of Venezuela: if you love something, let it go!;;;;;;;;;;;;x
gtfo_VOJ_title;Grant Vojvodina Independence;;;;;;;;;;;;x,,
gtfo_VOJ_desc;We've had a good run, but it's time to end our rulership of Vojvodina: if you love something, let it go!;;;;;;;;;;;;x
gtfo_WAE_title;Grant Wales Independence;;;;;;;;;;;;x,,
gtfo_WAE_desc;We've had a good run, but it's time to end our rulership of Wales: if you love something, let it go!;;;;;;;;;;;;x
gtfo_WAF_title;Grant Wallis And Futuna Independence;;;;;;;;;;;;x,,
gtfo_WAF_desc;We've had a good run, but it's time to end our rulership of Wallis And Futuna: if you love something, let it go!;;;;;;;;;;;;x
gtfo_WEI_title;Grant Weihai Independence;;;;;;;;;;;;x,,
gtfo_WEI_desc;We've had a good run, but it's time to end our rulership of Weihai: if you love something, let it go!;;;;;;;;;;;;x
gtfo_WLL_title;Grant Wallonia Independence;;;;;;;;;;;;x,,
gtfo_WLL_desc;We've had a good run, but it's time to end our rulership of Wallonia: if you love something, let it go!;;;;;;;;;;;;x
gtfo_WPA_title;Grant West Papua Independence;;;;;;;;;;;;x,,
gtfo_WPA_desc;We've had a good run, but it's time to end our rulership of West Papua: if you love something, let it go!;;;;;;;;;;;;x
gtfo_WSA_title;Grant Western Sahara Independence;;;;;;;;;;;;x,,
gtfo_WSA_desc;We've had a good run, but it's time to end our rulership of Western Sahara: if you love something, let it go!;;;;;;;;;;;;x
gtfo_XAC_title;Grant Andean Community Independence;;;;;;;;;;;;x,,
gtfo_XAC_desc;We've had a good run, but it's time to end our rulership of Andean Community: if you love something, let it go!;;;;;;;;;;;;x
gtfo_XAL_title;Grant Arab League Independence;;;;;;;;;;;;x,,
gtfo_XAL_desc;We've had a good run, but it's time to end our rulership of Arab League: if you love something, let it go!;;;;;;;;;;;;x
gtfo_XAN_title;Grant ASEAN Independence;;;;;;;;;;;;x,,
gtfo_XAN_desc;We've had a good run, but it's time to end our rulership of ASEAN: if you love something, let it go!;;;;;;;;;;;;x
gtfo_XAU_title;Grant African Union Independence;;;;;;;;;;;;x,,
gtfo_XAU_desc;We've had a good run, but it's time to end our rulership of African Union: if you love something, let it go!;;;;;;;;;;;;x
gtfo_XCC_title;Grant CARICOM Independence;;;;;;;;;;;;x,,
gtfo_XCC_desc;We've had a good run, but it's time to end our rulership of CARICOM: if you love something, let it go!;;;;;;;;;;;;x
gtfo_XCI_title;Grant Central American Integration System Independence;;;;;;;;;;;;x,,
gtfo_XCI_desc;We've had a good run, but it's time to end our rulership of Central American Integration System: if you love something, let it go!;;;;;;;;;;;;x
gtfo_XEA_title;Grant Eurasian Economic Community Independence;;;;;;;;;;;;x,,
gtfo_XEA_desc;We've had a good run, but it's time to end our rulership of Eurasian Economic Community: if you love something, let it go!;;;;;;;;;;;;x
gtfo_XEC_title;Grant ECCAS Independence;;;;;;;;;;;;x,,
gtfo_XEC_desc;We've had a good run, but it's time to end our rulership of ECCAS: if you love something, let it go!;;;;;;;;;;;;x
gtfo_XEF_title;Grant East African Federation Independence;;;;;;;;;;;;x,,
gtfo_XEF_desc;We've had a good run, but it's time to end our rulership of East African Federation: if you love something, let it go!;;;;;;;;;;;;x
gtfo_XEU_title;Grant Europena Union Independence;;;;;;;;;;;;x,,
gtfo_XEU_desc;We've had a good run, but it's time to end our rulership of Europena Union: if you love something, let it go!;;;;;;;;;;;;x
gtfo_XEW_title;Grant ECOWAS Independence;;;;;;;;;;;;x,,
gtfo_XEW_desc;We've had a good run, but it's time to end our rulership of ECOWAS: if you love something, let it go!;;;;;;;;;;;;x
gtfo_XGC_title;Grant Gulf Cooperation Council Independence;;;;;;;;;;;;x,,
gtfo_XGC_desc;We've had a good run, but it's time to end our rulership of Gulf Cooperation Council: if you love something, let it go!;;;;;;;;;;;;x
gtfo_XIO_title;Grant SAARC Independence;;;;;;;;;;;;x,,
gtfo_XIO_desc;We've had a good run, but it's time to end our rulership of SAARC: if you love something, let it go!;;;;;;;;;;;;x
gtfo_XMS_title;Grant Mercosur Independence;;;;;;;;;;;;x,,
gtfo_XMS_desc;We've had a good run, but it's time to end our rulership of Mercosur: if you love something, let it go!;;;;;;;;;;;;x
gtfo_XMU_title;Grant Arab Maghreb Union Independence;;;;;;;;;;;;x,,
gtfo_XMU_desc;We've had a good run, but it's time to end our rulership of Arab Maghreb Union: if you love something, let it go!;;;;;;;;;;;;x
gtfo_XNA_title;Grant NAFTA Independence;;;;;;;;;;;;x,,
gtfo_XNA_desc;We've had a good run, but it's time to end our rulership of NAFTA: if you love something, let it go!;;;;;;;;;;;;x
gtfo_XPI_title;Grant Pacific Islands Federation Independence;;;;;;;;;;;;x,,
gtfo_XPI_desc;We've had a good run, but it's time to end our rulership of Pacific Islands Federation: if you love something, let it go!;;;;;;;;;;;;x
gtfo_XSA_title;Grant Southern African Development Community Independence;;;;;;;;;;;;x,,
gtfo_XSA_desc;We've had a good run, but it's time to end our rulership of Southern African Development Community: if you love something, let it go!;;;;;;;;;;;;x
gtfo_XSU_title;Grant Union of South American Nations Independence;;;;;;;;;;;;x,,
gtfo_XSU_desc;We've had a good run, but it's time to end our rulership of Union of South American Nations: if you love something, let it go!;;;;;;;;;;;;x
gtfo_XTC_title;Grant Turkic Council Independence;;;;;;;;;;;;x,,
gtfo_XTC_desc;We've had a good run, but it's time to end our rulership of Turkic Council: if you love something, let it go!;;;;;;;;;;;;x
gtfo_XUM_title;Grant Ummah Independence;;;;;;;;;;;;x,,
gtfo_XUM_desc;We've had a good run, but it's time to end our rulership of Ummah: if you love something, let it go!;;;;;;;;;;;;x
gtfo_YAK_title;Grant Yakutia Independence;;;;;;;;;;;;x,,
gtfo_YAK_desc;We've had a good run, but it's time to end our rulership of Yakutia: if you love something, let it go!;;;;;;;;;;;;x
gtfo_YEM_title;Grant Yemen Independence;;;;;;;;;;;;x,,
gtfo_YEM_desc;We've had a good run, but it's time to end our rulership of Yemen: if you love something, let it go!;;;;;;;;;;;;x
gtfo_YNN_title;Grant Yunnan Independence;;;;;;;;;;;;x,,
gtfo_YNN_desc;We've had a good run, but it's time to end our rulership of Yunnan: if you love something, let it go!;;;;;;;;;;;;x
gtfo_YOG_title;Grant Yogyakarta Independence;;;;;;;;;;;;x,,
gtfo_YOG_desc;We've had a good run, but it's time to end our rulership of Yogyakarta: if you love something, let it go!;;;;;;;;;;;;x
gtfo_YUG_title;Grant Yugoslavia Independence;;;;;;;;;;;;x,,
gtfo_YUG_desc;We've had a good run, but it's time to end our rulership of Yugoslavia: if you love something, let it go!;;;;;;;;;;;;x
gtfo_ZAM_title;Grant Zambia Independence;;;;;;;;;;;;x,,
gtfo_ZAM_desc;We've had a good run, but it's time to end our rulership of Zambia: if you love something, let it go!;;;;;;;;;;;;x
gtfo_ZAN_title;Grant Zanzibar Independence;;;;;;;;;;;;x,,
gtfo_ZAN_desc;We've had a good run, but it's time to end our rulership of Zanzibar: if you love something, let it go!;;;;;;;;;;;;x
gtfo_ZIM_title;Grant Zimbabwe Independence;;;;;;;;;;;;x,,
gtfo_ZIM_desc;We've had a good run, but it's time to end our rulership of Zimbabwe: if you love something, let it go!;;;;;;;;;;;;x
gtfo_ZUL_title;Grant Zulu Independence;;;;;;;;;;;;x,,
gtfo_ZUL_desc;We've had a good run, but it's time to end our rulership of Zulu: if you love something, let it go!;;;;;;;;;;;;x
